list_name,name,label,prov_id,dist_id,post_id,external_id
access,access_neighbour,Pela parcela do vizinho,,,,fixed
access,access_public,Via de acesso publico ou comunitário,,,,fixed
activities,assoc_activities,Actividades de associativismo,,,,fixed
activities,drp,Actividades de DRP (delimitação comunitária),,,,fixed
activities,georef_return,Actividades de georeferenciamento e/ou devolução,,,,fixed
activities,internal,Encontros ou outras actividades internos,,,,fixed
activities,land_plans,Plano de Uso de Terra,,,,fixed
activities,limits_village,Identificação de limites de povoados,,,,fixed
activities,occ,Objecções e Correções,,,,fixed
activities,other,Outras,,,,fixed
activities,register_parcels,Registo de parcelas,,,,fixed
activities,register_people,Registo de pessoas,,,,fixed
activities,sensitisation,Sensibilização,,,,fixed
ages,adult,Entre 30 - 50 anos,,,,fixed
ages,elder,50+ anos,,,,fixed
ages,minor,Menos de 18 anos,,,,fixed
ages,youth,Entre 18 - 30 anos,,,,fixed
civil,de_facto_union,União de Facto                            ,,,,fixed
civil,divorced,Divorciado (a)                                              ,,,,fixed
civil,married,Casado (a)                     ,,,,fixed
civil,single,Solteiro (a)                           ,,,,fixed
civil,widowed,Viúvo (a)                     ,,,,fixed
conflict_types,access,Acesso,,,,fixed
conflict_types,limits,Limites,,,,fixed
conflict_types,other,Outro,,,,fixed
conflict_types,title,Titularidade,,,,fixed
conflict_types,transfer,Trespasse,,,,fixed
control,pc_1,P1,,,,fixed
control,pc_2,P2,,,,fixed
control,pc_3,P3,,,,fixed
control,pc_4,P4,,,,fixed
control,pc_5,P5,,,,fixed
crops,banana,Banana,,,,fixed
crops,boer_bean,Feijão Boer,,,,fixed
crops,butter_bean,Feijão Manteiga,,,,fixed
crops,cassava,Mandioca,,,,fixed
crops,cotton,Algodão,,,,fixed
crops,cute_bean,Feijão Cute,,,,fixed
crops,garlic,Alho,,,,fixed
crops,groundnuts,Amendoim,,,,fixed
crops,holoco_bean,Feijão Holoco,,,,fixed
crops,jogo_bean,Feijão Jogo,,,,fixed
crops,maize,Milho,,,,fixed
crops,millet,Mexoera,,,,fixed
crops,nhemba_bean,Feijão Nhemba,,,,fixed
crops,onion,Cebola,,,,fixed
crops,other,Outra,,,,fixed
crops,potato,Batata,,,,fixed
crops,rice,Arroz,,,,fixed
crops,sesame,Gergelim,,,,fixed
crops,sorghum,Mapira,,,,fixed
crops,sugarcane,Cana de açucar,,,,fixed
crops,veg,Horticulturas,,,,fixed
delimit_type,correction,Correcção de limites,,,,fixed
delimit_type,new,Delimitação nova,,,,fixed
deliverables,assoc_statutes,Estabelecimento de Associações - submissão ao BR,,,,fixed
deliverables,baseline,Conclusão de Estudo de Linha de Base,,,,fixed
deliverables,delcom_request,Pedido de reconhecimento de delimitação de terra comunitária ,,,,fixed
deliverables,duats_delivered,Entrega de Declarações de DUAT,,,,fixed
deliverables,endline,Conclusão de Estudo de Linha de Fim,,,,fixed
deliverables,inception,Relatório de Incepção,,,,fixed
deliverables,lup_complete,Planos de Gestão e Uso de Terra e RN,,,,fixed
deliverables,occ_finished,Conclusão do Processo de OCC,,,,fixed
deliverables,rel_fim,Relatório Final,,,,fixed
deliverables,rel_mens,Relatórios Mensais,,,,fixed
deliverables,rel_trim,Relatórios Trimestrais,,,,fixed
deliverables,training,Relatório de Treinamento,,,,fixed
descriptions,bush,Matagal,,,,fixed
descriptions,fields_lowland,Machambas de zonas baixa,,,,fixed
descriptions,fields_upland,Machambas de zonas alta,,,,fixed
descriptions,forest_dense,Floresta densa,,,,fixed
descriptions,forest_open,Floresta aberta,,,,fixed
descriptions,grazing,Zona de pastagem,,,,fixed
descriptions,other,Outra,,,,fixed
descriptions,residential,Zona Habitacional,,,,fixed
descriptions,wetland,Zona Pantanosa,,,,fixed
districts,D0102,CUAMBA,P01,NIASSA,,
districts,D0103,LAGO,P01,NIASSA,,
districts,D0104,CHIMBONILA,P01,NIASSA,,
districts,D0105,MAJUNE,P01,NIASSA,,
districts,D0106,MANDIMBA,P01,NIASSA,,
districts,D0107,MARRUPA,P01,NIASSA,,
districts,D0108,MAUA,P01,NIASSA,,
districts,D0109,MAVAGO,P01,NIASSA,,
districts,D0110,MECANHELAS,P01,NIASSA,,
districts,D0111,MECULA,P01,NIASSA,,
districts,D0112,METARICA,P01,NIASSA,,
districts,D0113,MUEMBE,P01,NIASSA,,
districts,D0114,NGAUMA,P01,NIASSA,,
districts,D0115,NIPEPE,P01,NIASSA,,
districts,D0116,SANGA,P01,NIASSA,,
districts,D0117,LICHINGA,P01,NIASSA,,
districts,D0202,ANCUABE,P02,C.DELGADO,,
districts,D0203,BALAMA,P02,C.DELGADO,,
districts,D0204,CHIURE,P02,C.DELGADO,,
districts,D0205,IBO,P02,C.DELGADO,,
districts,D0206,MACOMIA,P02,C.DELGADO,,
districts,D0207,MECUFI,P02,C.DELGADO,,
districts,D0208,MELUCO,P02,C.DELGADO,,
districts,D0209,MOCIMBOA DA PRAIA,P02,C.DELGADO,,
districts,D0210,MONTEPUEZ,P02,C.DELGADO,,
districts,D0211,MUEDA,P02,C.DELGADO,,
districts,D0212,MUIDUMBE,P02,C.DELGADO,,
districts,D0213,NAMUNO,P02,C.DELGADO,,
districts,D0214,NANGADE,P02,C.DELGADO,,
districts,D0215,PALMA,P02,C.DELGADO,,
districts,D0216,PEMBA,P02,C.DELGADO,,
districts,D0217,QUISSANGA,P02,C.DELGADO,,
districts,D0218,METUGE,P02,C.DELGADO,,
districts,D0302,ANGOCHE,P03,NAMPULA,,
districts,D0303,ERATI,P03,NAMPULA,,
districts,D0304,ILHA DE MOCAMBIQUE,P03,NAMPULA,,
districts,D0305,LALAUA,P03,NAMPULA,,
districts,D0306,MALEMA,P03,NAMPULA,,
districts,D0307,MECONTA,P03,NAMPULA,,
districts,D0308,MECUBURI,P03,NAMPULA,,
districts,D0309,MEMBA,P03,NAMPULA,,
districts,D0310,MOGINCUAL,P03,NAMPULA,,
districts,D0311,MOGOVOLAS,P03,NAMPULA,,
districts,D0312,MOMA,P03,NAMPULA,,
districts,D0313,MONAPO,P03,NAMPULA,,
districts,D0314,MOSSURIL,P03,NAMPULA,,
districts,D0315,MUECATE,P03,NAMPULA,,
districts,D0316,MURRUPULA,P03,NAMPULA,,
districts,D0318,NACALA_A_VELHA,P03,NAMPULA,,
districts,D0319,NACAROA,P03,NAMPULA,,
districts,D0320,RAPALE,P03,NAMPULA,,
districts,D0321,RIBAUE,P03,NAMPULA,,
districts,D0322,LARDE,P03,NAMPULA,,
districts,D0323,NAMPULA,P03,NAMPULA,,
districts,D0324,NACALA,P03,NAMPULA,,
districts,D0325,LIUPO,P03,NAMPULA,,
districts,D0402,ALTO MOLOCUE,P04,ZAMBEZIA,,
districts,D0403,CHINDE,P04,ZAMBEZIA,,
districts,D0404,GILE,P04,ZAMBEZIA,,
districts,D0405,GURUE,P04,ZAMBEZIA,,
districts,D0406,ILE,P04,ZAMBEZIA,,
districts,D0407,INHASSUNGE,P04,ZAMBEZIA,,
districts,D0408,LUGELA,P04,ZAMBEZIA,,
districts,D0409,MAGANJA DA COSTA,P04,ZAMBEZIA,,
districts,D0410,MILANGE,P04,ZAMBEZIA,,
districts,D0411,MOCUBA,P04,ZAMBEZIA,,
districts,D0412,MOPEIA,P04,ZAMBEZIA,,
districts,D0413,MORRUMBALA,P04,ZAMBEZIA,,
districts,D0414,NAMACURRA,P04,ZAMBEZIA,,
districts,D0415,NAMARROI,P04,ZAMBEZIA,,
districts,D0416,NICOADALA,P04,ZAMBEZIA,,
districts,D0417,PEBANE,P04,ZAMBEZIA,,
districts,D0418,DERRE,P04,ZAMBEZIA,,
districts,D0419,MOCUBELA,P04,ZAMBEZIA,,
districts,D0420,MOLUMBO,P04,ZAMBEZIA,,
districts,D0421,MULEVALA,P04,ZAMBEZIA,,
districts,D0422,QUELIMANE,P04,ZAMBEZIA,,
districts,D0423,LUABO,P04,ZAMBEZIA,,
districts,D0502,ANGONIA,P05,TETE,,
districts,D0503,CAHORA_BASSA,P05,TETE,,
districts,D0504,CHANGARA,P05,TETE,,
districts,D0505,CHIFUNDE,P05,TETE,,
districts,D0506,CHIUTA,P05,TETE,,
districts,D0507,MACANGA,P05,TETE,,
districts,D0508,MAGOE,P05,TETE,,
districts,D0509,MARAVIA,P05,TETE,,
districts,D0510,MOATIZE,P05,TETE,,
districts,D0511,MUTARARA,P05,TETE,,
districts,D0512,DOA,P05,TETE,,
districts,D0514,TETE,P05,TETE,,
districts,D0515,TSANGANO,P05,TETE,,
districts,D0516,ZUMBO,P05,TETE,,
districts,D0517,MARARA,P05,TETE,,
districts,D0602,BARUE,P06,MANICA,,
districts,D0603,GONDOLA,P06,MANICA,,
districts,D0604,GURO,P06,MANICA,,
districts,D0605,MACHAZE,P06,MANICA,,
districts,D0606,MACOSSA,P06,MANICA,,
districts,D0607,MANICA,P06,MANICA,,
districts,D0608,MOSSURIZE,P06,MANICA,,
districts,D0609,SUSSUNDENGA,P06,MANICA,,
districts,D0610,TAMBARA,P06,MANICA,,
districts,D0611,CHIMOIO,P06,MANICA,,
districts,D0612,VANDUZI,P06,MANICA,,
districts,D0613,MACATE,P06,MANICA,,
districts,D0702,BUZI,P07,SOFALA,,
districts,D0703,CAIA,P07,SOFALA,,
districts,D0704,CHEMBA,P07,SOFALA,,
districts,D0705,CHERINGOMA,P07,SOFALA,,
districts,D0706,CHIBABAVA,P07,SOFALA,,
districts,D0707,DONDO,P07,SOFALA,,
districts,D0708,GORONGOSA,P07,SOFALA,,
districts,D0709,MACHANGA,P07,SOFALA,,
districts,D0710,MARINGUE,P07,SOFALA,,
districts,D0711,MARROMEU,P07,SOFALA,,
districts,D0712,MUANZA,P07,SOFALA,,
districts,D0713,NHAMATANDA,P07,SOFALA,,
districts,D0714,BEIRA,P07,SOFALA,,
districts,D0802,FUNHALOURO,P08,INHAMBANE,,
districts,D0803,GOVURO,P08,INHAMBANE,,
districts,D0804,HOMOINE,P08,INHAMBANE,,
districts,D0805,INHARRIME,P08,INHAMBANE,,
districts,D0806,INHASSORO,P08,INHAMBANE,,
districts,D0807,JANGAMO,P08,INHAMBANE,,
districts,D0808,MABOTE,P08,INHAMBANE,,
districts,D0809,MASSINGA,P08,INHAMBANE,,
districts,D0810,INHAMBANE,P08,INHAMBANE,,
districts,D0811,MORRUMBENE,P08,INHAMBANE,,
districts,D0812,PANDA,P08,INHAMBANE,,
districts,D0813,VILANKULO,P08,INHAMBANE,,
districts,D0814,ZAVALA,P08,INHAMBANE,,
districts,D0815,MAXIXE,P08,INHAMBANE,,
districts,D0902,BILENE,P09,GAZA,,
districts,D0903,CHIBUTO,P09,GAZA,,
districts,D0904,CHICUALACUALA,P09,GAZA,,
districts,D0905,CHIGUBO,P09,GAZA,,
districts,D0906,CHOKWE,P09,GAZA,,
districts,D0907,GUIJA,P09,GAZA,,
districts,D0908,MABALANE,P09,GAZA,,
districts,D0909,MANDLAKAZI,P09,GAZA,,
districts,D0910,MASSANGENA,P09,GAZA,,
districts,D0911,MASSINGIR,P09,GAZA,,
districts,D0912,XAI_XAI,P09,GAZA,,
districts,D0914,MAPAI,P09,GAZA,,
districts,D0915,CHONGOENE,P09,GAZA,,
districts,D0916,LIMPOPO,P09,GAZA,,
districts,D1002,BOANE,P10,MAPUTO,,
districts,D1003,MAGUDE,P10,MAPUTO,,
districts,D1004,MANHICA,P10,MAPUTO,,
districts,D1005,MARRACUENE,P10,MAPUTO,,
districts,D1006,MATUTUINE,P10,MAPUTO,,
districts,D1007,MOAMBA,P10,MAPUTO,,
districts,D1008,NAMAACHA,P10,MAPUTO,,
districts,D1009,MATOLA,P10,MAPUTO,,
districts,D1101,KAMPFUMU,P11,MAPUTO CIDADE,,
districts,D1102,NHLAMANKULU,P11,MAPUTO CIDADE,,
districts,D1103,KAMAXAKENI,P11,MAPUTO CIDADE,,
districts,D1104,KAMAVOTA,P11,MAPUTO CIDADE,,
districts,D1105,KAMUBUKWANA,P11,MAPUTO CIDADE,,
districts,D1106,KATEMBE,P11,MAPUTO CIDADE,,
districts,D1107,KANYAKA,P11,MAPUTO CIDADE,,
doc_types,draft,Rascunho,,,,fixed
doc_types,final,Final,,,,fixed
docs,approval_ask,Pedido de despacho,,,,fixed
docs,approval_govdist,Despacho/comunicação do Governo Distrital,,,,fixed
docs,approval_govprov,Despacho/comunicação do Governo Provincial,,,,fixed
docs,approval_govspgc,Despacho/comunicação do SPGC,,,,fixed
docs,assoc_form,"Processo de Legalização da Associação (estatutos, regulamentos ou outros documentos)",,,,fixed
docs,br_publish,Submissão ao BR (pedido de publicação de despacho e estatutos),,,,fixed
docs,certificate,Certificado da delimitação comunitária,,,,fixed
docs,declarations,Copias de Declarações de DUATs emitidas pela Associação ,,,,fixed
docs,form_1,Formulário 1 do Anexo Técnico (actividades de sensibilização),,,,fixed
docs,form_2,Formulário 2 do Anexo Técnico (inicio de delimitação),,,,fixed
docs,form_3,Formulário 3 do Anexo Técnico (actividades de DRP),,,,fixed
docs,form_5,Formulário 5 do Anexo Técnico (acta de devolução),,,,fixed
docs,ids,Identificação de membros fundadores de Associação Comunitária,,,,fixed
docs,map_delim,Mapas de área comunitária (delimitada),,,,fixed
docs,map_lists_duats,Dados e/ou mapas de DUATs familiares,,,,fixed
docs,map_lup,Mapas de Uso de Terra,,,,fixed
docs,meeting,Pedido de encontro,,,,fixed
docs,reg_lup,Regulamento do Plano de Uso de Terra,,,,fixed
docs,services_geo,Pedido de prestação de serviços de Georeferenciamento,,,,fixed
docs,titles,Títulos de DUATs,,,,fixed
documents,declaration,Declaração (Documento de Testemunhas),,,,fixed
documents,demobilization_card,Cartão de Desmobilização/Cartão Militar,,,,fixed
documents,driving_licence,Carta de Condução,,,,fixed
documents,identity_document,Bilhete de Identidade,,,,fixed
documents,identity_receipt,Talão do BI,,,,fixed
documents,nuit,NUIT,,,,fixed
documents,other,outro,,,,fixed
documents,passport,Passaporte,,,,fixed
documents,personal_ballot,Cédula Pessoal,,,,fixed
documents,tax_payment_card,Cartão de pagamento de imposto,,,,fixed
documents,voter_card,Cartão de Eleitor,,,,fixed
duat_choices,declaration,Declaração emitida pela Associação,,,,fixed
duat_choices,map_only,Apenas mapeado no mapa cadastral da comunidade,,,,fixed
duat_choices,title,Requer a emissão do titulo pelos Serviços Cadastrais,,,,fixed
education,medium,Medio,,,,fixed
education,none,Nunca estudou,,,,fixed
education,primary,Primário,,,,fixed
education,secondary,Secundário,,,,fixed
education,superior,Superior,,,,fixed
enum_cat,community_parasurveyor,Auxiliar Comunitária,,,,fixed
enum_cat,enumerator,Enumerador,,,,fixed
eras,era_1,Antes do tempo colonial,,,,fixed
eras,era_2,Antes da Segunda Guerra Mundial,,,,fixed
eras,era_3,Durante a Guerra da Libertação,,,,fixed
eras,era_4,Depois da Independência,,,,fixed
eras,era_5,Durante a Guerra entre FRELIMO e RENAMO,,,,fixed
eras,era_6,Depois do Acordo de Paz em 1992,,,,fixed
eras,era_7,Depois do morte do Afonso Dhlakama,,,,fixed
eras,year,Ano exacto,,,,fixed
genders,female,Feminino,,,,fixed
genders,male,Masculino,,,,fixed
houses,perm,Permanente,,,,fixed
houses,temp,Palhotas temporárias,,,,fixed
housing,agr,Agrupadas,,,,fixed
housing,dis,Dispersas,,,,fixed
institutions,assoc_com,Associação Comunitária,,,,fixed
institutions,bairro_admin,Secretario do Bairro,,,,fixed
institutions,dinat,Direcção Nacional de Terras,,,,fixed
institutions,district_admin,Administração Distrital,,,,fixed
institutions,dptadr,"Direcção Provincial de Terras, Ambiente e Desenvolvimento Rural",,,,fixed
institutions,imp_nac,Imprensa Nacional,,,,fixed
institutions,locality_admin,Presidente da Localidade,,,,fixed
institutions,locality_admin,Presidente da Localidade,,,,fixed
institutions,post_admin,Chefe do Posto,,,,fixed
institutions,sdae,Serviços Distritais de Actividades Económicas,,,,fixed
institutions,sdpi,Serviços Distritais de Planificação e Infraestruturas,,,,fixed
institutions,spffb,Serviços Provinciais de Florestas e Fauna Bravia,,,,fixed
institutions,spgc,Serviços Provinciais de Geografia e Cadastro,,,,fixed
institutions,tax,Autoridade Tributaria,,,,fixed
institutions,trad_com,Autoridade Comunitária (Regulo ou chefe tradicional),,,,fixed
institutions_meet,bairro_admin,Secretario do Bairro,,,,fixed
institutions_meet,community_rep,Autoridade Comunitária,,,,fixed
institutions_meet,district_admin,Administração Distrital,,,,fixed
institutions_meet,locality_admin,Presidente da Localidade,,,,fixed
institutions_meet,other,Outra,,,,fixed
institutions_meet,post_admin,Chefe do Posto,,,,fixed
institutions_meet,service_dist,Serviços Distritais,,,,fixed
institutions_meet,service_prov,Serviços Provinciais,,,,fixed
languages,changana,Changana,,,,fixed
languages,cicopi,Cicopi,,,,fixed
languages,cindau,Cindau,,,,fixed
languages,cisena,Cisena,,,,fixed
languages,cishona,Cishona,,,,fixed
languages,ciyao,Ciyao,,,,fixed
languages,echawabo,Echawabo,,,,fixed
languages,ekoti,Ekoti,,,,fixed
languages,elomwe,Elomwe,,,,fixed
languages,emakhuwa,Emakhuwa,,,,fixed
languages,portuguese,Português,,,,fixed
languages,shimakonde,Shimakonde,,,,fixed
languages,xitswa,Xitswa,,,,fixed
lotes,lote_a,A,,,,fixed
lotes,lote_b,B,,,,fixed
lotes,lote_c,C,,,,fixed
lotes,lote_d,D,,,,fixed
lotes,lote_e,E,,,,fixed
maps,composite,Grupo de mulheres e homens,,,,fixed
maps,female,Mulheres,,,,fixed
maps,male ,Homens,,,,fixed
maps,youth,Jovens,,,,fixed
meetings,meet_district,Encontro no Distrito,,,,fixed
meetings,meet_leaders,Encontro apenas com liderança tradicional,,,,fixed
meetings,meet_neighbours,Encontro com comunidade vizinha,,,,fixed
meetings,meet_post,Encontro no Posto Administrativo,,,,fixed
meetings,meet_province,Encontro ao nivel Provincial,,,,fixed
meetings,meet_village,Encontro ao nível de povoado,,,,fixed
nationalities,moz,Moçambicana,,,,fixed
nationalities,other,outra,,,,fixed
norms,donation,Doação de alguém,,,,fixed
norms,inheritance,Herança da família,,,,fixed
norms,other,Outro,,,,fixed
norms,purchase,Compra de Benfeitorias,,,,fixed
norms,traditional,Através do Regulo ou autoridade tradicional,,,,fixed
norms,transfer,Transmissão,,,,fixed
occup,customary,Atraves de Normas e Práticas Costumeiras,,,,fixed
occup,good_faith,Ocupação de boa fé (pelo menos 10 anos),,,,fixed
occup,resettlement,Reassentamento,,,,fixed
other_use_areas,cell_tower,Torre Celular,,,,fixed
other_use_areas,cemetery,Cemitério,,,,fixed
other_use_areas,duat,DUAT privado/titulado,,,,fixed
other_use_areas,football_field,Campo de futebol,,,,fixed
other_use_areas,forest,Floresta comunal,,,,fixed
other_use_areas,health_post,Posto de Saúde,,,,fixed
other_use_areas,market,Feira/Mercado,,,,fixed
other_use_areas,other,Outro,,,,fixed
other_use_areas,religious_church,Igreja,,,,fixed
other_use_areas,religious_mosque,Mesquita,,,,fixed
other_use_areas,sacred,Local sagrado,,,,fixed
other_use_areas,school,Escola,,,,fixed
other_use_areas,state_reserve,Reserva do Estado,,,,fixed
other_use_areas,well,Poço de água,,,,fixed
outcomes,certify,Todos os detalhes estão corretos e confirmados,,,,fixed
outcomes,change,Foi feita uma alteração aos detalhes do(s) (co-)titular(es) ou as limites da parcela,,,,fixed
outcomes,disputed,Foi feita uma objecção que necessita uma resolução ainda,,,,fixed
outcomes,unconfirmed,O titular não confirmou os seus detalhes durante o período de O & C,,,,fixed
participation,high,Alto,,,,fixed
participation,low,Fraco,,,,fixed
participation,medium,Medio,,,,fixed
participation,v_high,Muito alto,,,,fixed
participation,v_low,Muito fraco,,,,fixed
partners,NITIDAE Zambezia,NITIDAE Zambezia,,,,fixed
partners,oram_coastal,ANAM Coastal,,,,fixed
partners,oram_ile,ANAM Ile,,,,fixed
party_role,representative_absent,Representante duma pessoa ausente,,,,fixed
party_role,representative_minor,Representante duma pessoa menor,,,,fixed
party_role,right_holder,Titular,,,,fixed
party_role,witness,Testemunha,,,,fixed
points,assoc_meet,Associação - Ponto de encontro,,,,fixed
points,boundary,Limite reconhecido entre comunidades,,,,fixed
points,cell_tower,Torre Celular,,,,fixed
points,cemetery,Cemitério,,,,fixed
points,chief_house,Casa do regulo ou chefe,,,,fixed
points,concrete_marker,Monumento de cimento,,,,fixed
points,conflict,Conflito,,,,fixed
points,control,Ponto de controle,,,,fixed
points,duat,DUAT privado/titulado,,,,fixed
points,field,Machamba,,,,fixed
points,football_field,Campo de futebol,,,,fixed
points,forest,Floresta comunal,,,,fixed
points,health_post,Posto de Saúde,,,,fixed
points,market,Feira/Mercado,,,,fixed
points,mountain,Montanha,,,,fixed
points,other,Outro,,,,fixed
points,pathway,Passeio,,,,fixed
points,religious_church,Igreja,,,,fixed
points,religious_mosque,Mesquita,,,,fixed
points,river,Rio,,,,fixed
points,road,Estrada,,,,fixed
points,sacred,Local sagrado,,,,fixed
points,school,Escola,,,,fixed
points,shop,Loja,,,,fixed
points,state_reserve,Reserva do Estado,,,,fixed
points,tree,Árvore,,,,fixed
points,tree_marked,Árvore com uma marca,,,,fixed
points,water_point,Furo de água,,,,fixed
points,well,Poço de água,,,,fixed
points,zone,Zona de interesse para fins de mapeamento,,,,fixed
posts,PA010101,Municipio de Lichinga,,D0101,,
posts,PA010201,Cuamba,,D0102,,
posts,PA010202,Etatara,,D0102,,
posts,PA010203,Lurio,,D0102,,
posts,PA010301,Metangula,,D0103,,
posts,PA010302,Cóbuè,,D0103,,
posts,PA010303,Lunho,,D0103,,
posts,PA010304,Maniamba,,D0103,,
posts,PA010401,Chimbunila,,D0104,,
posts,PA010402,Lione,,D0104,,
posts,PA010501,Malanga,,D0105,,
posts,PA010502,Muaquia,,D0105,,
posts,PA010503,Nairrubi,,D0105,,
posts,PA010601,Mandimba,,D0106,,
posts,PA010602,Mitande,,D0106,,
posts,PA010701,Marrupa,,D0107,,
posts,PA010702,Marangira,,D0107,,
posts,PA010703,Nungo,,D0107,,
posts,PA010801,Maúa,,D0108,,
posts,PA010802,Maiaca,,D0108,,
posts,PA010901,Mavago,,D0109,,
posts,PA010902,M'sawize,,D0109,,
posts,PA011001,Insaca,,D0110,,
posts,PA011002,Chiúta,,D0110,,
posts,PA011101,Mecula,,D0111,,
posts,PA011102,Matondovela,,D0111,,
posts,PA011201,Metarica,,D0112,,
posts,PA011202,Nacumua,,D0112,,
posts,PA011301,Muembe,,D0113,,
posts,PA011302,Chiconono,,D0113,,
posts,PA011401,Massangulo,,D0114,,
posts,PA011402,Itepela,,D0114,,
posts,PA011501,Nipepe,,D0115,,
posts,PA011502,Muipite,,D0115,,
posts,PA011601,Unango,,D0116,,
posts,PA011602,Lussimbesse,,D0116,,
posts,PA011603,Macaloge,,D0116,,
posts,PA011604,Matchedje,,D0116,,
posts,PA011701,Lichinga,,D0117,,
posts,PA011702,Meponda,,D0117,,
posts,PA020201,Ancuabe,,D0202,,
posts,PA020202,Metoro,,D0202,,
posts,PA020203,Mesa,,D0202,,
posts,PA020301,Balama,,D0203,,
posts,PA020302,Impiri,,D0203,,
posts,PA020303,Kuékué,,D0203,,
posts,PA020304,Mavale,,D0203,,
posts,PA020401,Chiúre,,D0204,,
posts,PA020402,Chiúre Velho,,D0204,,
posts,PA020403,Katapua,,D0204,,
posts,PA020404,Mazeze,,D0204,,
posts,PA020405,Namogelia,,D0204,,
posts,PA020406,Ocua,,D0204,,
posts,PA020501,Ibo,,D0205,,
posts,PA020502,Quirimba,,D0205,,
posts,PA020601,Macomia,,D0206,,
posts,PA020602,Chai,,D0206,,
posts,PA020603,Mucojo,,D0206,,
posts,PA020604,Quiterajo,,D0206,,
posts,PA020701,Mecufi,,D0207,,
posts,PA020702,Murrébuè,,D0207,,
posts,PA020801,Meluco,,D0208,,
posts,PA020802,Muaguide,,D0208,,
posts,PA020901,Mocímboa da Praia,,D0209,,
posts,PA020902,Diaca,,D0209,,
posts,PA020903,Mbau,,D0209,,
posts,PA021002,Mapupulo,,D0210,,
posts,PA021003,Mirate,,D0210,,
posts,PA021004,Nairoto,,D0210,,
posts,PA021005,Namanhumbir,,D0210,,
posts,PA021006,Montepuez,,D0210,,
posts,PA021101,Mueda,,D0211,,
posts,PA021102,Chapa,,D0211,,
posts,PA021103,Imbuo,,D0211,,
posts,PA021104,Negomano,,D0211,,
posts,PA021105,N'gapa,,D0211,,
posts,PA021201,Muidumbe,,D0212,,
posts,PA021202,Chitunda,,D0212,,
posts,PA021203,Miteda,,D0212,,
posts,PA021301,Namuno,,D0213,,
posts,PA021302,Hucula,,D0213,,
posts,PA021303,Machoca,,D0213,,
posts,PA021304,Meluco,,D0213,,
posts,PA021305,N'Cumpe,,D0213,,
posts,PA021306,Papai,,D0213,,
posts,PA021401,Nangade,,D0214,,
posts,PA021402,M'tamba,,D0214,,
posts,PA021501,Palma,,D0215,,
posts,PA021502,Olumbi,,D0215,,
posts,PA021503,Pundanhar,,D0215,,
posts,PA021504,Quionga,,D0215,,
posts,PA021601,Alto Gingone,,D0216,,
posts,PA021602,Cariacó,,D0216,,
posts,PA021603,Cimento,,D0216,,
posts,PA021604,Chuiba,,D0216,,
posts,PA021605,Eduardo Mondlane,,D0216,,
posts,PA021606,Ingonane,,D0216,,
posts,PA021607,Marringanha,,D0216,,
posts,PA021608,Muxara,,D0216,,
posts,PA021609,Natite,,D0216,,
posts,PA021610,Paquitequete,,D0216,,
posts,PA021701,Quissanga,,D0217,,
posts,PA021702,Bilibiza,,D0217,,
posts,PA021703,Mahate,,D0217,,
posts,PA021801,Metuge,,D0218,,
posts,PA021802,Mieze,,D0218,,
posts,PA030201,Angoche,,D0302,,
posts,PA030202,Aube,,D0302,,
posts,PA030203,Namaponda,,D0302,,
posts,PA030204,Boila,,D0302,,
posts,PA030301,Namapa,,D0303,,
posts,PA030302,Alaua,,D0303,,
posts,PA030303,Namirôa,,D0303,,
posts,PA030401,Ilha de Mocambique,,D0304,,
posts,PA030402,Lumbo,,D0304,,
posts,PA030501,Lalaua,,D0305,,
posts,PA030502,Méti,,D0305,,
posts,PA030601,Malema,,D0306,,
posts,PA030602,Chihulo,,D0306,,
posts,PA030603,Mutuáli,,D0306,,
posts,PA030604,Canhunha,,D0306,,
posts,PA030701,Meconta,,D0307,,
posts,PA030702,Corrane,,D0307,,
posts,PA030703,Namialo,,D0307,,
posts,PA030704,7 de Abril,,D0307,,
posts,PA030801,Mecuburi,,D0308,,
posts,PA030802,Milhana,,D0308,,
posts,PA030803,Muite,,D0308,,
posts,PA030804,Namina,,D0308,,
posts,PA030901,Memba,,D0309,,
posts,PA030902,Chipene,,D0309,,
posts,PA030903,Lúrio,,D0309,,
posts,PA030904,Mazua,,D0309,,
posts,PA031001,Namige,,D0310,,
posts,PA031004,Quixaxe,,D0310,,
posts,PA031101,Nametil,,D0311,,
posts,PA031102,Calipo,,D0311,,
posts,PA031103,Iulúti,,D0311,,
posts,PA031104,Muatua,,D0311,,
posts,PA031105,Nanhupo-Rio,,D0311,,
posts,PA031201,Moma,,D0312,,
posts,PA031202,Chalaua,,D0312,,
posts,PA031301,Monapo,,D0313,,
posts,PA031302,Itoculo,,D0313,,
posts,PA031303,Netia,,D0313,,
posts,PA031401,Mossuril,,D0314,,
posts,PA031402,Lunga,,D0314,,
posts,PA031403,Matibane,,D0314,,
posts,PA031501,Muecate,,D0315,,
posts,PA031502,Imala,,D0315,,
posts,PA031503,Muculuone,,D0315,,
posts,PA031601,Murrupula,,D0316,,
posts,PA031602,Chinga,,D0316,,
posts,PA031603,Nihessiue,,D0316,,
posts,PA031801,Nacala_Velha,,D0318,,
posts,PA031802,Covó,,D0318,,
posts,PA031901,Nacarôa,,D0319,,
posts,PA031902,Inteta,,D0319,,
posts,PA031903,Saua_Saua,,D0319,,
posts,PA032001,Rapale,,D0320,,
posts,PA032002,Mutivasse,,D0320,,
posts,PA032003,Namaita,,D0320,,
posts,PA032101,Ribáuè,,D0321,,
posts,PA032102,Cunle,,D0321,,
posts,PA032103,Iapala,,D0321,,
posts,PA032201,Larde,,D0322,,
posts,PA032202,Mucuali,,D0322,,
posts,PA032301,Nampula Central,,D0323,,
posts,PA032302,Anchilo,,D0323,,
posts,PA032303,Muatala,,D0323,,
posts,PA032304,Namicopo,,D0323,,
posts,PA032305,Napipine,,D0323,,
posts,PA032306,Natikire,,D0323,,
posts,PA032401,Mutiva,,D0324,,
posts,PA032402,Muanona,,D0324,,
posts,PA032501,Quinga,,D0325,,
posts,PA032502,Liúpo,,D0325,,
posts,PA040201,Molocue,,D0402,,
posts,PA040202,Nauela,,D0402,,
posts,PA040301,Chinde,,D0403,,
posts,PA040303,Micaúne,,D0403,,
posts,PA040401,Gilé,,D0404,,
posts,PA040402,Alto Ligonha,,D0404,,
posts,PA040501,Guruè,,D0405,,
posts,PA040502,Lioma,,D0405,,
posts,PA040503,Mepuagiua,,D0405,,
posts,PA040601,Ile,,D0406,,
posts,PA040602,Namigonha,,D0406,,
posts,PA040603,Socone,,D0406,,
posts,PA040701,Inhassunge,,D0407,,
posts,PA040702,Gonhane,,D0407,,
posts,PA040801,Lugela,,D0408,,
posts,PA040802,Tacuane,,D0408,,
posts,PA040803,Munhamade,,D0408,,
posts,PA040804,Muabanama,,D0408,,
posts,PA040901,Maganja,,D0409,,
posts,PA040904,Baixo Licungo,,D0409,,
posts,PA041001,Milange,,D0410,,
posts,PA041002,Majaua,,D0410,,
posts,PA041004,Mongue,,D0410,,
posts,PA041101,Mocuba,,D0411,,
posts,PA041102,Mugeba,,D0411,,
posts,PA041103,Namanjavira,,D0411,,
posts,PA041201,Mopeia,,D0412,,
posts,PA041202,Campo,,D0412,,
posts,PA041301,Morrumbala,,D0413,,
posts,PA041302,Chire,,D0413,,
posts,PA041304,Megaza,,D0413,,
posts,PA041401,Namacurra,,D0414,,
posts,PA041402,Macuse,,D0414,,
posts,PA041501,Namarroi,,D0415,,
posts,PA041502,Regone,,D0415,,
posts,PA041601,Nicoadala,,D0416,,
posts,PA041701,Pebane,,D0417,,
posts,PA041702,Mulela,,D0417,,
posts,PA041703,Nabúri,,D0417,,
posts,PA041801,Derre,,D0418,,
posts,PA041802,Guerissa,,D0418,,
posts,PA041901,Bajone,,D0419,,
posts,PA041902,Mocubela,,D0419,,
posts,PA042001,Corromana,,D0420,,
posts,PA042002,Molumbo,,D0420,,
posts,PA042101,Chiraco,,D0421,,
posts,PA042102,Mulevala,,D0421,,
posts,PA042201,Posto Adm N1,,D0422,,
posts,PA042202,Maquival,,D0422,,
posts,PA042203,Posto Adm N2,,D0422,,
posts,PA042204,Posto Adm N3,,D0422,,
posts,PA042205,Posto Adm N4,,D0422,,
posts,PA042206,Posto Adm N5,,D0422,,
posts,PA042301,Chimbazo,,D0423,,
posts,PA042302,Luabo,,D0423,,
posts,PA050201,Ulóngoè,,D0502,,
posts,PA050202,Dómuè,,D0502,,
posts,PA050301,Songo,,D0503,,
posts,PA050302,Chintholo,,D0503,,
posts,PA050303,Chitima,,D0503,,
posts,PA050401,Luenha,,D0504,,
posts,PA050402,Chiôco,,D0504,,
posts,PA050501,Chifunde,,D0505,,
posts,PA050502,Mualadzi,,D0505,,
posts,PA050503,Nsadzu,,D0505,,
posts,PA050601,Kazula,,D0506,,
posts,PA050602,Manje,,D0506,,
posts,PA050701,Furancungo,,D0507,,
posts,PA050702,Chidzolomondo,,D0507,,
posts,PA050801,Mphende,,D0508,,
posts,PA050802,Chinthopo,,D0508,,
posts,PA050803,Mukumbura,,D0508,,
posts,PA050901,Chiputu,,D0509,,
posts,PA050902,Fíngoè,,D0509,,
posts,PA050903,Malowera,,D0509,,
posts,PA050904,Chipera,,D0509,,
posts,PA051001,Moatize,,D0510,,
posts,PA051002,Kambulatsitsi,,D0510,,
posts,PA051003,Zóbuè,,D0510,,
posts,PA051101,Nhamayabuè,,D0511,,
posts,PA051102,Chare,,D0511,,
posts,PA051103,Inhangoma,,D0511,,
posts,PA051201,Doa,,D0512,,
posts,PA051202,Chueza,,D0512,,
posts,PA051401,Samora Machel,,D0514,,
posts,PA051402,Mpádué,,D0514,,
posts,PA051403,Matundo,,D0514,,
posts,PA051404,Mateus Sansão Muthemba,,D0514,,
posts,PA051405,Josina Machel,,D0514,,
posts,PA051406,Francisco Manyanga,,D0514,,
posts,PA051407,Filipe Samuel Magaia,,D0514,,
posts,PA051408,Dégue,,D0514,,
posts,PA051409,Chingodzi,,D0514,,
posts,PA051501,Ntengo_Wa_Mbalame,,D0515,,
posts,PA051502,Tsangano,,D0515,,
posts,PA051601,Muze,,D0516,,
posts,PA051602,Zâmbuè,,D0516,,
posts,PA051603,Zumbu,,D0516,,
posts,PA051701,Marara,,D0517,,
posts,PA051702,Mufa-Boroma,,D0517,,
posts,PA060201,Catandica,,D0602,,
posts,PA060202,Choa,,D0602,,
posts,PA060203,Nhampassa,,D0602,,
posts,PA060301,Gondola,,D0603,,
posts,PA060302,Amatongas,,D0603,,
posts,PA060303,Cafumpe,,D0603,,
posts,PA060304,Inchope,,D0603,,
posts,PA060401,Guro,,D0604,,
posts,PA060402,Nhamassonge,,D0604,,
posts,PA060403,Mandie,,D0604,,
posts,PA060404,Mungari,,D0604,,
posts,PA060501,Chitobe,,D0605,,
posts,PA060502,Save,,D0605,,
posts,PA060601,Macossa,,D0606,,
posts,PA060602,Nguawala,,D0606,,
posts,PA060603,Nhamagua,,D0606,,
posts,PA060701,Mavonde,,D0607,,
posts,PA060702,Machipanda,,D0607,,
posts,PA060703,Messica,,D0607,,
posts,PA060704,Manica,,D0607,,
posts,PA060801,Espungabera,,D0608,,
posts,PA060802,Chiurairue,,D0608,,
posts,PA060803,Dacata,,D0608,,
posts,PA060901,Sussundenga,,D0609,,
posts,PA060902,Dombe,,D0609,,
posts,PA060903,Muoha,,D0609,,
posts,PA060904,Rotanda,,D0609,,
posts,PA061001,Nhacolo,,D0610,,
posts,PA061002,Buzua,,D0610,,
posts,PA061003,Nhacafula,,D0610,,
posts,PA061101,Posto Adm N1,,D0611,,
posts,PA061102,Posto Adm N2,,D0611,,
posts,PA061103,Posto Adm N3,,D0611,,
posts,PA061201,Matsinho,,D0612,,
posts,PA061202,Vanduzi,,D0612,,
posts,PA061301,Macate,,D0613,,
posts,PA061302,Zembe,,D0613,,
posts,PA070201,Búzi,,D0702,,
posts,PA070202,Estaquinha,,D0702,,
posts,PA070203,Sofala,,D0702,,
posts,PA070301,Caia,,D0703,,
posts,PA070302,Murraça,,D0703,,
posts,PA070303,Sena,,D0703,,
posts,PA070401,Chemba,,D0704,,
posts,PA070402,Chiramba,,D0704,,
posts,PA070403,Mulima,,D0704,,
posts,PA070501,Inhaminga,,D0705,,
posts,PA070502,Inhamitanga,,D0705,,
posts,PA070601,Chibabava,,D0706,,
posts,PA070602,Goonda,,D0706,,
posts,PA070603,Muxúnguè,,D0706,,
posts,PA070701,Dondo,,D0707,,
posts,PA070702,Mafambisse,,D0707,,
posts,PA070801,Gorongosa,,D0708,,
posts,PA070802,Nhamadze,,D0708,,
posts,PA070803,Vunduzi,,D0708,,
posts,PA070901,Machanga,,D0709,,
posts,PA070902,Divinhe,,D0709,,
posts,PA071001,Marínguè,,D0710,,
posts,PA071002,Canxixe,,D0710,,
posts,PA071003,Súbwè,,D0710,,
posts,PA071101,Marromeu,,D0711,,
posts,PA071102,Chupanga,,D0711,,
posts,PA071201,Muanza,,D0712,,
posts,PA071202,Galinha,,D0712,,
posts,PA071301,Nhamatanda,,D0713,,
posts,PA071302,Tica,,D0713,,
posts,PA071401,Chiveve,,D0714,,
posts,PA071402,Manga Loforte,,D0714,,
posts,PA071403,Munhava,,D0714,,
posts,PA071404,Nhamízua,,D0714,,
posts,PA071405,Nhangau,,D0714,,
posts,PA080201,Funhalouro,,D0802,,
posts,PA080202,Tome,,D0802,,
posts,PA080301,Mambone,,D0803,,
posts,PA080302,Save,,D0803,,
posts,PA080401,Homoíne,,D0804,,
posts,PA080402,Pembe,,D0804,,
posts,PA080501,Inharrime,,D0805,,
posts,PA080502,Mocumbi,,D0805,,
posts,PA080601,Inhassoro,,D0806,,
posts,PA080602,Bazaruto,,D0806,,
posts,PA080701,Jangamo,,D0807,,
posts,PA080702,Cumbana,,D0807,,
posts,PA080801,Mabote,,D0808,,
posts,PA080802,Zimane,,D0808,,
posts,PA080803,Zinave,,D0808,,
posts,PA080901,Massinga,,D0809,,
posts,PA080902,Chicomo,,D0809,,
posts,PA081001,Balane 1,,D0810,,
posts,PA081002,Balane 2,,D0810,,
posts,PA081003,Balane 3,,D0810,,
posts,PA081004,Chamane,,D0810,,
posts,PA081005,Chambale 1,,D0810,,
posts,PA081006,Chambale 2,,D0810,,
posts,PA081007,Conguiana,,D0810,,
posts,PA081008,Guitamatuno,,D0810,,
posts,PA081009,Ilha de Inhambane,,D0810,,
posts,PA081010,Josina Machel,,D0810,,
posts,PA081011,Liberdade 1,,D0810,,
posts,PA081012,Liberdade 2,,D0810,,
posts,PA081013,Liberdade 3,,D0810,,
posts,PA081014,Machavenga,,D0810,,
posts,PA081015,Malembuane,,D0810,,
posts,PA081016,Marrambone,,D0810,,
posts,PA081017,Mucucune,,D0810,,
posts,PA081018,Muelé 1,,D0810,,
posts,PA081019,Muelé 2,,D0810,,
posts,PA081020,Muelé 3,,D0810,,
posts,PA081021,Nhamua,,D0810,,
posts,PA081022,Salele,,D0810,,
posts,PA081023,Siquiriva,,D0810,,
posts,PA081101,Morrumbene,,D0811,,
posts,PA081102,Mocodoene,,D0811,,
posts,PA081201,Panda,,D0812,,
posts,PA081202,Mawayela,,D0812,,
posts,PA081203,Urrene,,D0812,,
posts,PA081301,Vilankulo,,D0813,,
posts,PA081302,Mapinhane,,D0813,,
posts,PA081401,Quissico,,D0814,,
posts,PA081402,Zandamela,,D0814,,
posts,PA081501,Bembe,,D0815,,
posts,PA081502,Chambone A,,D0815,,
posts,PA081503,Chambone B,,D0815,,
posts,PA081504,Dambo,,D0815,,
posts,PA081505,Eduardo Mondlane,,D0815,,
posts,PA081506,Mabil,,D0815,,
posts,PA081507,Macuamene,,D0815,,
posts,PA081508,Macupula,,D0815,,
posts,PA081509,Malalane,,D0815,,
posts,PA081510,Manhala,,D0815,,
posts,PA081511,Mawewe,,D0815,,
posts,PA081512,Nhabanda,,D0815,,
posts,PA081513,Nhaguiviga,,D0815,,
posts,PA081514,Nhambiu,,D0815,,
posts,PA081515,Nhanguila,,D0815,,
posts,PA081516,Rumbana,,D0815,,
posts,PA081517,Tinga-Tinga,,D0815,,
posts,PA090201,Macia,,D0902,,
posts,PA090202,Incaia,,D0902,,
posts,PA090203,Mazivila,,D0902,,
posts,PA090204,Messano,,D0902,,
posts,PA090205,Praia De Bilene,,D0902,,
posts,PA090206,Macuane,,D0902,,
posts,PA090301,Chibuto,,D0903,,
posts,PA090302,Alto Changane,,D0903,,
posts,PA090303,Chaimite,,D0903,,
posts,PA090304,Changanine,,D0903,,
posts,PA090305,Godide,,D0903,,
posts,PA090306,Malehice,,D0903,,
posts,PA090401,Pafuri,,D0904,,
posts,PA090402,Eduardo Mondlane,,D0904,,
posts,PA090501,Chigubo,,D0905,,
posts,PA090502,Dindiza,,D0905,,
posts,PA090601,Chókwè,,D0906,,
posts,PA090602,Lionde,,D0906,,
posts,PA090603,Macarretane,,D0906,,
posts,PA090604,Xilembene,,D0906,,
posts,PA090701,Caniçado,,D0907,,
posts,PA090702,Chivongoene,,D0907,,
posts,PA090703,Mubangoene,,D0907,,
posts,PA090704,Nalazi,,D0907,,
posts,PA090801,Mabalane,,D0908,,
posts,PA090802,Combomune,,D0908,,
posts,PA090803,Ntlavene,,D0908,,
posts,PA090901,Mandlakazi,,D0909,,
posts,PA090902,Chalala,,D0909,,
posts,PA090903,Chibonzane,,D0909,,
posts,PA090904,Chidenguele,,D0909,,
posts,PA090905,Macuácua,,D0909,,
posts,PA091001,Massangena,,D0910,,
posts,PA091002,Mavúe,,D0910,,
posts,PA091101,Massingir,,D0911,,
posts,PA091102,Mavodze,,D0911,,
posts,PA091103,Zulo,,D0911,,
posts,PA091301,Xai-Xai,,D0912,,
posts,PA091302,Inhamissa,,D0912,,
posts,PA091303,Patrice Lumumba,,D0912,,
posts,PA091304,Praia de Xai-Xai,,D0912,,
posts,PA091401,Machaíla,,D0914,,
posts,PA091501,Chongoene,,D0915,,
posts,PA091502,Mazucane,,D0915,,
posts,PA091503,Nguzene,,D0915,,
posts,PA091601,Chissano,,D0916,,
posts,PA091602,Chicumbane,,D0916,,
posts,PA091603,Zongoene,,D0916,,
posts,PA100201,Boane,,D1002,,
posts,PA100202,Matola Rio,,D1002,,
posts,PA100301,Magude,,D1003,,
posts,PA100302,Mapulanguene,,D1003,,
posts,PA100303,Motaze,,D1003,,
posts,PA100304,Mahele,,D1003,,
posts,PA100305,Panjane,,D1003,,
posts,PA100401,Manhiça,,D1004,,
posts,PA100402,Calanga,,D1004,,
posts,PA100403,Ilha Josina Machel,,D1004,,
posts,PA100404,Maluana,,D1004,,
posts,PA100405,Xinavane,,D1004,,
posts,PA100406,3 de Fevereiro,,D1004,,
posts,PA100501,Marracuene,,D1005,,
posts,PA100502,Machubo,,D1005,,
posts,PA100601,Bela-Vista,,D1006,,
posts,PA100602,Katembe Nsime,,D1006,,
posts,PA100603,Catuane,,D1006,,
posts,PA100604,Machangulo,,D1006,,
posts,PA100605,Zitundo,,D1006,,
posts,PA100701,Moamba,,D1007,,
posts,PA100702,Pessene,,D1007,,
posts,PA100703,Ressano Garcia,,D1007,,
posts,PA100704,Sábiè,,D1007,,
posts,PA100801,Namaacha,,D1008,,
posts,PA100802,Changalane,,D1008,,
posts,PA100901,Infulene,,D1009,,
posts,PA100902,Machava,,D1009,,
posts,PA100903,Matola,,D1009,,
projects,cesc_niassa,CESC Niassa,,,,fixed
projects,ilrg_gras_hvp,GRAS HVPs,,,,fixed
projects,ilrg_gras_nampula,GRAS Nampula,,,,fixed
projects,ilrg_gras_niassa,GRAS Niassa,,,,fixed
projects,ilrg_gras_zambezia,GRAS Zambezia,,,,fixed
projects,ilrg_madal,Novo Madal,,,,fixed
projects,lupa_gurue,Tenure Facilty - Gurue,,,,fixed
projects,oram_coastal,Tenure Facilty - Nampula,,,,fixed
projects,oram_ile,Tenure Facilty - Ile,,,,fixed
projects,wcs_niassa,WCS Niassa,,,,fixed
provinces,P01,Niassa,,,,
provinces,P02,Cabo Delgado,,,,
provinces,P03,Nampula,,,,
provinces,P04,Zambezia,,,,
provinces,P05,Tete,,,,
provinces,P06,Manica,,,,
provinces,P07,Sofala,,,,
provinces,P08,Inhambane,,,,
provinces,P09,Gaza,,,,
provinces,P10,Maputo,,,,
provinces,P11,Maputo Cidade,,,,
rep_relations,administrator,Administrador,,,,fixed
rep_relations,administrator_designate,Administrador delegado,,,,fixed
rep_relations,brother,Irmã(o),,,,fixed
rep_relations,brother_in_law,Cunhado(a),,,,fixed
rep_relations,cousin,Primo(a),,,,fixed
rep_relations,director_general,Diretor geral,,,,fixed
rep_relations,employee,Empregado(a),,,,fixed
rep_relations,father,Pai,,,,fixed
rep_relations,father_in_law,Sogro(a),,,,fixed
rep_relations,friend,Amigo(a),,,,fixed
rep_relations,grandparent,Avo(avó),,,,fixed
rep_relations,grandson,Neto(a),,,,fixed
rep_relations,guard,Guarda,,,,fixed
rep_relations,husband,Esposo(a),,,,fixed
rep_relations,lawyer,Advogado,,,,fixed
rep_relations,legal_rep,Representante legal,,,,fixed
rep_relations,manager,Gerente,,,,fixed
rep_relations,member,Membro,,,,fixed
rep_relations,mother,Mãe,,,,fixed
rep_relations,nephew,Sobrinho(a),,,,fixed
rep_relations,other,Outro,,,,fixed
rep_relations,partner,Socio(a),,,,fixed
rep_relations,pca,PCA,,,,fixed
rep_relations,president,Presidente,,,,fixed
rep_relations,son,Filho(a),,,,fixed
rep_relations,son_in_law,Genro(Nora),,,,fixed
rep_relations,stepfather,Padrasto,,,,fixed
rep_relations,stepmother,Madrasta,,,,fixed
rep_relations,stepson,Enteado(a),,,,fixed
rep_relations,tenant,Inquilino(a),,,,fixed
rep_relations,tutor,Tutor de menor,,,,fixed
rep_relations,uncle,Tio(a),,,,fixed
rep_relations,vice_president,Vice Presidente,,,,fixed
rep_relations,worker,Trabalhador(a),,,,fixed
roles,community,Comunidade a ser delimitada,,,,fixed
roles,community_neighbour,Comunidade vizinha,,,,fixed
searchoption,contains,Contém,,,,fixed
searchoption,endswith,Termina com,,,,fixed
searchoption,matches,Igual,,,,fixed
searchoption,startswith,Começa com,,,,fixed
themes,agric,Terra e Agricultura,,,,fixed
themes,comm_land,Direitos e Gestão de Terra Comunitária,,,,fixed
themes,cons_land,"Direitos e Conservação, Recursos Naturais e Biodiversidade",,,,fixed
themes,priv_land,Direitos e Investimento Privado,,,,fixed
themes,pub_land,Direitos e Investimento Publico,,,,fixed
tofrom,doc_received,Documento recebido,,,,fixed
tofrom,doc_sent,Documento apresentado,,,,fixed
topics,agric,Agricultura,,,,fixed
topics,biodiversity,Biodiversidade / Vida Selvagem,,,,fixed
topics,climate_change,Alterações Climáticas,,,,fixed
topics,conflict,Conflitos e Disputas,,,,fixed
topics,democracy,Democracia e Governança,,,,fixed
topics,forests,Florestas,,,,fixed
topics,gender,Gênero,,,,fixed
topics,land_tenure,Posse de Terra,,,,fixed
topics,private_sector,Sector Privado,,,,fixed
topics,vulnerable,Populações Vulneráveis,,,,fixed
topics1,community_land_assoc,Associação Comunitária,,,,fixed
topics1,community_land_delimitation,Delimitação Comunitária,,,,fixed
topics1,conflict,Conflitos e Disputas,,,,fixed
topics1,democracy,Democracia e Governança,,,,fixed
topics1,forests,Florestas,,,,fixed
topics1,gender,Gênero,,,,fixed
topics1,hh_land_delimitation,Delimitação das Machambas,,,,fixed
topics1,Inheritance,Herança,,,,fixed
topics1,land_tenure,Posse de Terra,,,,fixed
topics1,other,Outro,,,,fixed
topics1,private_sector,Sector Privado,,,,fixed
topics1,vulnerable,Populações Vulneráveis,,,,fixed
use_categories,commercial_use,Exploração Comercial,,,,fixed
use_categories,family_use,Exploração Familiar,,,,fixed
use_categories,other,Outro,,,,fixed
uses,agric,Agricultura,,,,fixed
uses,charcoal,Carvão,,,,fixed
uses,clay,Extração de barro,,,,fixed
uses,firewood,Lenha,,,,fixed
uses,honey,Busca de mel,,,,fixed
uses,hunting,Caça,,,,fixed
uses,medicines,Medicamentos tradicionais,,,,fixed
uses,minerals,Recursos minerais,,,,fixed
uses,other,Outra,,,,fixed
uses,poles,Estacas,,,,fixed
uses,reeds,Extração de capim,,,,fixed
uses,reforestation,Reflorestamento,,,,fixed
uses,reserve,Area de Conservação,,,,fixed
uses,residential,Residencial,,,,fixed
uses,sacred,Áreas sagradas,,,,fixed
uses,timber,Extração de madeira,,,,fixed
uses_parcel,cattle_rearing,Pecuária Gado Bovino,,,,fixed
uses_parcel,commercial,Comércio/Industria/Serviços,,,,fixed
uses_parcel,community,Fins Comunitários,,,,fixed
uses_parcel,cropping,Agricultura,,,,fixed
uses_parcel,mixed_farming,Agropecuária,,,,fixed
uses_parcel,other,Outro,,,,fixed
uses_parcel,other_livestock,Pecuária Outro,,,,fixed
uses_parcel,permanent_crop,Culturas Permanentes,,,,fixed
uses_parcel,residential,Habitação Propria,,,,fixed
uses_parcel,residential_commercial,Habitação e Comercio,,,,fixed
uses_parcel,residential_holiday,Habitação Veraneio,,,,fixed
uses_parcel,social,Fins Sociais/Religiosos,,,,fixed
witness_types,assoc_rep,Representante da Associação,,,,fixed
witness_types,authority,Chefe da Zona ou Povoado,,,,fixed
witness_types,direct_neighbour,Vizinho directo,,,,fixed
witness_types,nearby_neighbour,Vizinho perto,,,,fixed
y_n,no,Não,,,,fixed
y_n,yes,Sim,,,,fixed
y_n_1,no,Não,,,,fixed
y_n_1,yes,Sim,,,,fixed
zonas_excl,prot_par,Protecção Parcial,,,,fixed
zonas_excl,prot_tot,Protecção Total,,,,fixed
zonas_excl,zona_erosa,Zona de Erosão,,,,fixed
zonas_excl,zona_inund,Zona de Inundação,,,,fixed
zone_overlaps,partial,Parcialmente dentro,,,,fixed
zone_overlaps,total,Totalmente dentro,,,,fixed
zone_types,erosion,Zona de Erosão,,,,fixed
zone_types,flood,Zona de Inundação,,,,fixed
zone_types,partial,Protecção Parcial,,,,fixed
zone_types,total,Protecção Total,,,,fixed
posts,PA091402,Mapai,,D0914,,
